<?xml version="1.0" encoding="UTF-8"?>
<project-private xmlns="http://www.netbeans.org/ns/project-private/1">
    <editor-bookmarks xmlns="http://www.netbeans.org/ns/editor-bookmarks/2" lastBookmarkId="0"/>
    <open-files xmlns="http://www.netbeans.org/ns/projectui-open-files/2">
        <group>
            <file>file:/Users/fangninghe/NetBeansProjects/AEDAssignment2/src/Userinterface/ViewVitalSignJPanel.java</file>
            <file>file:/Users/fangninghe/NetBeansProjects/AEDAssignment2/src/Userinterface/MainJFrame.java</file>
            <file>file:/Users/fangninghe/NetBeansProjects/AEDAssignment2/src/Business/VitalSignHistory.java</file>
            <file>file:/Users/fangninghe/NetBeansProjects/AEDAssignment2/src/Userinterface/CreatePatientJPanel.java</file>
            <file>file:/Users/fangninghe/NetBeansProjects/AEDAssignment2/src/Userinterface/CreateVitalSignJPanel.java</file>
            <file>file:/Users/fangninghe/NetBeansProjects/AEDAssignment2/src/Business/PatientInfo.java</file>
            <file>file:/Users/fangninghe/NetBeansProjects/AEDAssignment2/src/Business/VitalSign.java</file>
        </group>
    </open-files>
</project-private>
